iteration,MSE_trg,MSE_val,MSE_tst,acc_trg,acc_val,acc_tst,f1_trg,f1_val,f1_tst,elapsed
0,0.144403796869,0.147317763644,0.142693499184,0.418315252074,0.389030612245,0.421428571429,0.473881673882,0.455062571104,0.477419354839,0.1159352
10,0.109516776108,0.10709774289,0.111581501583,0.659221442246,0.663265306122,0.654081632653,0.788849347568,0.788461538462,0.786658275645,1.3776587
20,0.118462418601,0.120073534726,0.122198869224,0.61774090619,0.605867346939,0.587755102041,0.704489393192,0.690690690691,0.67731629393,2.4989259
30,0.105185153392,0.104411405981,0.107231597288,0.665603063178,0.664540816327,0.666326530612,0.799156765044,0.79846743295,0.799509503372,3.611555
40,0.11468118265,0.113244567108,0.114822194511,0.649649010849,0.660714285714,0.660204081633,0.783346487766,0.791536050157,0.790960451977,4.8710022
50,0.109867100314,0.109194248444,0.110074740293,0.665283982131,0.665816326531,0.665306122449,0.798926586161,0.799079754601,0.799019607843,5.9321911
60,0.107323249296,0.105685428172,0.107346139199,0.667836630504,0.667091836735,0.666326530612,0.8,0.799693016117,0.79901659496,7.0084217
70,0.113356057776,0.114989235749,0.112928272297,0.639757498405,0.633928571429,0.645918367347,0.772882719775,0.76685621446,0.77742142399,8.8068848
80,0.102032729168,0.0998557722801,0.104456866097,0.667198468411,0.664540816327,0.665306122449,0.799923268751,0.79846743295,0.798773006135,10.4021647
90,0.104396880973,0.105320867837,0.106383875469,0.677089980855,0.649234693878,0.664285714286,0.793216183081,0.777327935223,0.784544859201,12.094887
100,0.109325558661,0.111630928143,0.1092053381,0.634971282706,0.603316326531,0.640816326531,0.750218340611,0.733504712939,0.754532775453,13.4694745
110,0.109809343438,0.111258696325,0.110926391104,0.634014039566,0.621173469388,0.627551020408,0.764910842386,0.757946210269,0.761281883584,14.845234
120,0.106607114396,0.106149667111,0.108536021611,0.662093171666,0.65943877551,0.663265306122,0.79599306492,0.793822393822,0.796798029557,16.1907681
130,0.106064060993,0.105691535664,0.107154174759,0.667517549458,0.661989795918,0.671428571429,0.798686244204,0.794732765298,0.800988875155,17.6364624
140,0.106265926294,0.106641576164,0.108642875216,0.667517549458,0.665816326531,0.670408163265,0.797905352987,0.797527047913,0.799503414029,18.9710045
150,0.106646914599,0.107055831111,0.106848794087,0.662731333759,0.654336734694,0.664285714286,0.787963891675,0.781627719581,0.790845518118,20.2847854
160,0.104528001257,0.105939216738,0.106628358988,0.667517549458,0.663265306122,0.664285714286,0.799538283955,0.796923076923,0.797538461538,21.7616508
170,0.101390322217,0.104191692933,0.103609866832,0.675494575622,0.663265306122,0.680612244898,0.800939518497,0.794712286159,0.804741110418,23.3126679
180,0.102618162004,0.106372222753,0.10466301123,0.669751116784,0.65943877551,0.673469387755,0.795575745605,0.789598108747,0.798488664987,24.8637679
190,0.104611186862,0.108009959541,0.106909068735,0.679961710274,0.640306122449,0.678571428571,0.797250859107,0.77367576244,0.797687861272,26.5012833
200,0.1022389823,0.104845690939,0.104055621961,0.679323548181,0.661989795918,0.678571428571,0.797256405084,0.789180588703,0.797687861272,28.1317695
210,0.105222108283,0.108176013963,0.108031125172,0.674856413529,0.644132653061,0.665306122449,0.795586760281,0.777689243028,0.789743589744,29.8253474
220,0.103739470181,0.106308260199,0.105510734693,0.665283982131,0.627551020408,0.666326530612,0.786136595311,0.763371150729,0.787247885491,31.7032712
230,0.106213402512,0.109778573101,0.109150768926,0.664007657945,0.633928571429,0.659183673469,0.785845027456,0.767611336032,0.783116883117,33.3415992
240,0.10327710949,0.107732552304,0.105329121458,0.659540523293,0.63137755102,0.661224489796,0.782821086912,0.766747376917,0.785529715762,35.3814959
250,0.104734942649,0.107039504561,0.106789706329,0.670389278877,0.636479591837,0.663265306122,0.792027380713,0.771451483561,0.788732394366,37.2670601
260,0.106307839629,0.108365280983,0.107980953606,0.662731333759,0.627551020408,0.658163265306,0.779837533847,0.758278145695,0.776815456362,38.8361186
270,0.103325639981,0.105221718084,0.105621038536,0.663369495852,0.627551020408,0.654081632653,0.784649928557,0.762601626016,0.77828646174,40.4420944
280,0.104163334606,0.106814765801,0.105934531512,0.656349712827,0.622448979592,0.647959183673,0.778258184064,0.756578947368,0.773473407748,41.9888666
290,0.108012854337,0.110746919606,0.110567349383,0.667836630504,0.626275510204,0.65,0.75751222921,0.72280037843,0.744220730798,43.5042298
300,0.104187902253,0.105935981701,0.104957587343,0.680599872368,0.667091836735,0.677551020408,0.803146509341,0.796570537802,0.8,45.1320319
310,0.103208560775,0.105872422696,0.104046802726,0.675813656669,0.65306122449,0.667346938776,0.796392785571,0.783094098884,0.791560102302,46.6054377
320,0.103874699406,0.107304680426,0.104885495914,0.679323548181,0.654336734694,0.668367346939,0.797989949749,0.783719074222,0.790727623954,47.8403081
330,0.101689040982,0.104051095463,0.103023865182,0.685705169113,0.665816326531,0.674489795918,0.802089612216,0.79173290938,0.795381654907,49.0522707
340,0.1010516902,0.103869407546,0.102706328519,0.684747925973,0.646683673469,0.672448979592,0.797872340426,0.774613506916,0.790333115611,50.2833607
350,0.103613354295,0.106586172928,0.104358469223,0.67198468411,0.646683673469,0.668367346939,0.791734197731,0.777866880513,0.789371354504,51.4322918
360,0.102237939377,0.104361731844,0.103041213963,0.68410976388,0.651785714286,0.673469387755,0.79704797048,0.778947368421,0.789196310935,52.5813979
370,0.102098400324,0.104693282985,0.103528237364,0.675813656669,0.669642857143,0.678571428571,0.794581479984,0.791633145615,0.794252122796,54.1368323
380,0.10302290017,0.104662837895,0.103641451862,0.676132737715,0.660714285714,0.672448979592,0.799842240189,0.791208791209,0.796963946869,55.4568045
390,0.103723490972,0.105489274841,0.105123900921,0.675813656669,0.669642857143,0.673469387755,0.801174168297,0.798756798757,0.800747198007,56.6499201
400,0.109194564834,0.111209761731,0.109158968892,0.67102744097,0.65306122449,0.673469387755,0.793428170707,0.782747603834,0.795134443022,57.8946134
410,0.103597370865,0.104179126119,0.104650153528,0.677089980855,0.665816326531,0.675510204082,0.799046862589,0.793700787402,0.798479087452,59.4573869
420,0.102714788981,0.103518960963,0.103919700604,0.665922144225,0.663265306122,0.654081632653,0.794100294985,0.792125984252,0.787460815047,60.8765037
430,0.103475327184,0.104047118865,0.104729797188,0.667836630504,0.660714285714,0.651020408163,0.795199685225,0.790880503145,0.785175879397,62.0818764
440,0.102332406784,0.103791522398,0.103933576407,0.674537332482,0.660714285714,0.658163265306,0.800156739812,0.7921875,0.790231684408,63.5031844
450,0.101702452387,0.103737882248,0.103188982963,0.665283982131,0.668367346939,0.663265306122,0.794756407748,0.796557120501,0.793491864831,64.5681133
460,0.102629498684,0.104277359006,0.103658609667,0.670708359923,0.63137755102,0.658163265306,0.789731051345,0.765612327656,0.781188765513,65.5159812
470,0.101039725316,0.10400625867,0.102404411488,0.675175494576,0.642857142857,0.672448979592,0.791990192072,0.771241830065,0.790058862001,66.5204287
480,0.0978234655787,0.101467287747,0.0997608622255,0.681876196554,0.647959183673,0.661224489796,0.791466220456,0.769230769231,0.778371161549,67.5515888
490,0.0991392166542,0.102074405065,0.102580321064,0.681557115507,0.640306122449,0.657142857143,0.793886823627,0.768472906404,0.777777777778,68.513174
500,0.10284500983,0.105862423871,0.10538947578,0.666560306318,0.628826530612,0.651020408163,0.785641025641,0.763222131814,0.776762402089,69.4764175
510,0.103783547029,0.105472159851,0.106904332508,0.662412252712,0.637755102041,0.639795918367,0.785308441558,0.769480519481,0.773281952473,70.4250744
520,0.0998042687414,0.102421077624,0.102069970977,0.680280791321,0.640306122449,0.659183673469,0.79133694294,0.768092105263,0.779100529101,71.3695534
530,0.102788608755,0.106110592829,0.104328409976,0.67294192725,0.640306122449,0.655102040816,0.788616209528,0.770358306189,0.780234070221,72.4189956
540,0.103443821228,0.103284318716,0.106054829925,0.65985960434,0.650510204082,0.651020408163,0.791796875,0.784929356358,0.787313432836,73.3520095
550,0.10065038496,0.101835847881,0.10369709097,0.65985960434,0.644132653061,0.647959183673,0.787818471338,0.777334397446,0.782059380922,74.287673
560,0.106061456047,0.108966639654,0.10889137108,0.666879387364,0.619897959184,0.636734693878,0.784653465347,0.753311258278,0.765789473684,75.2141617
570,0.103514195284,0.103350620744,0.105534839332,0.668474792597,0.639030612245,0.642857142857,0.780198857626,0.762384550798,0.766666666667,76.1579067
580,0.105036572596,0.105148213029,0.107558794507,0.666879387364,0.649234693878,0.641836734694,0.788406972031,0.776604386677,0.773694390716,77.0698823
590,0.10139906781,0.101674034938,0.103986687419,0.680918953414,0.644132653061,0.65612244898,0.792617171298,0.77037037037,0.776079734219,77.9837958
600,0.101688160918,0.10352139793,0.104501225705,0.668793873644,0.640306122449,0.645918367347,0.788422339992,0.771103896104,0.775984506133,78.993491
610,0.101727539401,0.10200617159,0.104791632407,0.666241225271,0.672193877551,0.655102040816,0.796021840874,0.799061767005,0.789800995025,80.1155883
620,0.102528099561,0.104150578639,0.105787199107,0.669432035737,0.628826530612,0.645918367347,0.775951557093,0.750642673522,0.760854583046,81.1218838
630,0.103164349563,0.105366691895,0.105681028756,0.667198468411,0.646683673469,0.647959183673,0.792850049652,0.779282868526,0.782059380922,82.0594473
640,0.104123939938,0.106180831035,0.107566038532,0.661135928526,0.630102040816,0.632653061224,0.78528103518,0.763458401305,0.767741935484,82.99393
650,0.102332559634,0.10618599156,0.105845330969,0.664326738992,0.628826530612,0.635714285714,0.780650542118,0.756485355649,0.76404494382,83.9324467
660,0.106690882018,0.106476878926,0.108955055948,0.665283982131,0.668367346939,0.659183673469,0.798075072185,0.79969183359,0.794587945879,84.8672845
670,0.106718298519,0.107837715632,0.110137132774,0.663688576899,0.649234693878,0.65306122449,0.793576184881,0.783634933124,0.788293897883,85.8857242
680,0.105217224484,0.108216942419,0.108884816667,0.672303765156,0.630102040816,0.639795918367,0.779187271555,0.751712328767,0.758714969241,86.8599985
690,0.103344390181,0.106809672399,0.106668000766,0.669432035737,0.622448979592,0.641836734694,0.781157583439,0.75042158516,0.763954270343,87.8045666
700,0.108699635962,0.110105411423,0.111856776321,0.65985960434,0.654336734694,0.65306122449,0.793250581846,0.789105058366,0.789343246592,88.783387
710,0.107231883867,0.108731896426,0.110945449327,0.662093171666,0.646683673469,0.64387755102,0.790089197225,0.780333068993,0.778974034199,89.784148
720,0.105040914662,0.107932670952,0.107978218156,0.678685386088,0.661989795918,0.65612244898,0.801419838296,0.792482380579,0.78738170347,90.7165755
730,0.106006945604,0.108300541694,0.109725039017,0.660816847479,0.650510204082,0.638775510204,0.789962458012,0.782193958665,0.776232616941,91.5955929
740,0.103165246543,0.105738889039,0.107194725357,0.674218251436,0.650510204082,0.657142857143,0.79047814488,0.773927392739,0.778947368421,92.5573783
750,0.105677095235,0.108089213657,0.109596632656,0.658583280153,0.654336734694,0.644897959184,0.783838383838,0.778050778051,0.776349614396,93.4770411
760,0.103749097762,0.108635355226,0.107811961028,0.674218251436,0.630102040816,0.647959183673,0.786624869383,0.758735440932,0.769539078156,94.5520249
770,0.104639778753,0.107903204859,0.108127842069,0.664964901085,0.626275510204,0.652040816327,0.782067247821,0.75562969141,0.772818121252,95.5899141
780,0.105365324708,0.107278063885,0.107729793572,0.666241225271,0.663265306122,0.663265306122,0.79900076864,0.797235023041,0.79704797048,96.6280721
790,0.108304320132,0.109317790555,0.109879246446,0.664645820038,0.663265306122,0.664285714286,0.798543224075,0.79754601227,0.798283261803,97.6991414
800,0.105905200331,0.106655628904,0.108487596458,0.664964901085,0.665816326531,0.665306122449,0.798773476428,0.799079754601,0.799019607843,98.6581961
810,0.106524762991,0.108819611873,0.109440204231,0.671665603063,0.661989795918,0.672448979592,0.797081443502,0.791174152876,0.796706776441,99.6560606
820,0.106286078388,0.106684272123,0.109050305559,0.670708359923,0.669642857143,0.663265306122,0.800772200772,0.8,0.796547472256,100.6787926
830,0.105073229522,0.108455710696,0.108118698778,0.667836630504,0.649234693878,0.654081632653,0.793082886106,0.780876494024,0.784488239034,101.6873145
840,0.103683006245,0.107693456412,0.107442334526,0.681557115507,0.649234693878,0.668367346939,0.795659295659,0.774774774775,0.78660538411,102.6128853
850,0.107393291992,0.111611391785,0.11104799704,0.679004467135,0.644132653061,0.657142857143,0.785592497869,0.760515021459,0.771117166213,103.592418
860,0.106721721702,0.111580065467,0.110085154573,0.662731333759,0.630102040816,0.657142857143,0.776011866921,0.752559726962,0.772048846676,104.9878971
870,0.107587138244,0.111108036481,0.109857090087,0.663688576899,0.636479591837,0.65612244898,0.786293592863,0.768104149715,0.781026640676,106.732296
880,0.107044819214,0.112623678715,0.111465743153,0.678047223995,0.630102040816,0.662244897959,0.774726501451,0.736363636364,0.762383345298,108.6737789
890,0.103537477707,0.106950185,0.107267681433,0.676451818762,0.642857142857,0.667346938776,0.784347086346,0.761499148211,0.779431664411,109.9652658
900,0.108010682148,0.11533472524,0.112639101761,0.679961710274,0.635204081633,0.655102040816,0.769053649551,0.730696798493,0.75,111.2409877
910,0.104972432673,0.10981812366,0.108025206595,0.672303765156,0.636479591837,0.668367346939,0.785370950888,0.761106454317,0.783188792528,112.673522
920,0.107557924531,0.115739418509,0.110506522494,0.674856413529,0.630102040816,0.670408163265,0.783145350074,0.752981260647,0.782198246797,113.8475746
930,0.103698909602,0.109037101978,0.107157576279,0.674218251436,0.642857142857,0.663265306122,0.786624869383,0.765100671141,0.779706275033,114.936999
940,0.104684917117,0.110841178367,0.109281897555,0.673899170389,0.641581632653,0.668367346939,0.783290924512,0.760034158839,0.780256930358,116.0535783
950,0.106278175785,0.111260098873,0.110275069255,0.675175494576,0.628826530612,0.669387755102,0.779367143476,0.741333333333,0.775312066574,117.1950145
960,0.105543623703,0.113037123937,0.109642607065,0.67102744097,0.622448979592,0.663265306122,0.777081081081,0.741710296684,0.771151178918,118.4124013
970,0.104346892492,0.110036029438,0.108233440038,0.681876196554,0.628826530612,0.666326530612,0.786372401971,0.748051948052,0.775566231984,119.5038148
980,0.103494644506,0.10715160744,0.108048746405,0.686662412253,0.660714285714,0.668367346939,0.781777777778,0.759493670886,0.770318021201,120.6213926
990,0.100655854843,0.105694446887,0.104422879116,0.679004467135,0.633928571429,0.667346938776,0.778803869833,0.744434550312,0.770745428973,121.7597731
1000,0.100395092616,0.103798673926,0.105522811145,0.673580089343,0.640306122449,0.65,0.772918978912,0.747763864043,0.756564939674,122.9217594
1010,0.104942928889,0.107111927231,0.106685619707,0.667198468411,0.651785714286,0.662244897959,0.794401734674,0.783161239079,0.791954745443,124.0140395
1020,0.102653029066,0.105747283072,0.105069662093,0.670708359923,0.654336734694,0.671428571429,0.798279906177,0.786782061369,0.798245614035,125.0771521
1030,0.103637054749,0.108121515649,0.109320090974,0.679323548181,0.640306122449,0.659183673469,0.777309993353,0.748663101604,0.762108262108,126.2404485
1040,0.103674039307,0.109840546822,0.109506862519,0.683790682833,0.645408163265,0.654081632653,0.77923813767,0.749097472924,0.758374910905,127.4139985
1050,0.105832636676,0.112018076112,0.111876102968,0.680918953414,0.642857142857,0.652040816327,0.779444199382,0.749103942652,0.758669497523,128.5426435
1060,0.102634994062,0.106452305084,0.107418153372,0.678366305041,0.644132653061,0.665306122449,0.772048846676,0.743330266789,0.764028776978,129.6622339
1070,0.102629758202,0.105547715826,0.107136404501,0.689215060625,0.654336734694,0.658163265306,0.786215978929,0.759964570416,0.764912280702,130.7630982
1080,0.101313738959,0.107207137018,0.10663801305,0.687300574346,0.644132653061,0.666326530612,0.781542576906,0.745670009116,0.766928011404,131.978718
1090,0.105334832407,0.113021578657,0.112236204117,0.67102744097,0.623724489796,0.64387755102,0.762715765247,0.723004694836,0.740520446097,133.0563197
1100,0.0998749024322,0.105496829023,0.10519016432,0.688895979579,0.650510204082,0.670408163265,0.791443850267,0.764604810997,0.778918548939,134.1849882
1110,0.101416141664,0.10607381625,0.107776360289,0.68506700702,0.641581632653,0.659183673469,0.782455366983,0.748882931189,0.76511954993,135.3596707
1120,0.0997322608568,0.104015834721,0.10480312466,0.680918953414,0.641581632653,0.657142857143,0.770536943552,0.735653809972,0.751479289941,136.5910553
1130,0.0990790049662,0.102119271345,0.104423563925,0.694958519464,0.664540816327,0.677551020408,0.80016722408,0.779177162049,0.78734858681,137.7285121
1140,0.0997040212958,0.103112249041,0.105434649972,0.698468410976,0.673469387755,0.65612244898,0.790419161677,0.769369369369,0.758422939068,138.9128242
1150,0.0993001694138,0.105282867375,0.105224636012,0.692086790045,0.660714285714,0.668367346939,0.788330774293,0.76334519573,0.77096546864,140.0503245
1160,0.0998394098802,0.103094810362,0.105935073873,0.689215060625,0.664540816327,0.65306122449,0.791166380789,0.771105308964,0.763888888889,141.2866712
1170,0.0997725761423,0.103833020236,0.106084738319,0.680599872368,0.65306122449,0.657142857143,0.774600315244,0.750458715596,0.755102040816,142.3901396
1180,0.0992401547657,0.103314060298,0.105784417012,0.688576898532,0.658163265306,0.654081632653,0.787641427328,0.763250883392,0.763102725367,143.5131666
1190,0.10430379707,0.111098627371,0.111137556665,0.678047223995,0.647959183673,0.655102040816,0.768948935196,0.741573033708,0.75,144.5762883
1200,0.100819236623,0.105606979795,0.107402871438,0.67007019783,0.654336734694,0.665306122449,0.760980120203,0.744580584354,0.755223880597,145.7226895
1210,0.0994397614654,0.10302779111,0.107343978995,0.691129546905,0.676020408163,0.658163265306,0.793867120954,0.781786941581,0.769442532691,146.89068
1220,0.100495921939,0.105456098881,0.108249927096,0.676770899809,0.649234693878,0.664285714286,0.7666436305,0.738841405508,0.755026061057,148.1590073
1230,0.0994224619384,0.103946297637,0.105742192317,0.690491384812,0.670918367347,0.670408163265,0.794752433347,0.779863481229,0.780421481985,149.2973816
1240,0.0986161173654,0.102548339085,0.105534562664,0.697511167837,0.676020408163,0.666326530612,0.795601552393,0.778359511344,0.772442588727,150.4928767
1250,0.0985511958562,0.102410677366,0.105216532968,0.691129546905,0.664540816327,0.673469387755,0.794654221468,0.774635818338,0.780521262003,151.6391365
1260,0.100065823469,0.103899936403,0.107252921456,0.677089980855,0.655612244898,0.641836734694,0.781896551724,0.765217391304,0.756080611536,152.908452
1270,0.100915117033,0.102530317036,0.107105621918,0.689534141672,0.68112244898,0.663265306122,0.788432267884,0.779151943463,0.769230769231,154.1062823
1280,0.0992886776791,0.101851734658,0.104910047012,0.692405871091,0.691326530612,0.679591836735,0.797052631579,0.794217687075,0.787837837838,155.2517076
1290,0.100081877195,0.103500165231,0.107278514412,0.674537332482,0.655612244898,0.644897959184,0.782515991471,0.765625,0.760330578512,156.3509251
1300,0.100288435004,0.104375594828,0.106770996602,0.686343331206,0.655612244898,0.662244897959,0.786443623724,0.762323943662,0.765746638358,157.4665029
1310,0.101622786852,0.105988196091,0.108225750382,0.689853222719,0.651785714286,0.661224489796,0.786279683377,0.758193091231,0.763195435093,158.6037373
1320,0.101669796298,0.1087193502,0.109769643129,0.680280791321,0.639030612245,0.640816326531,0.77978021978,0.749778956676,0.752461322082,159.7843883
1330,0.0972900255736,0.101189880784,0.104147231755,0.693682195278,0.679846938776,0.671428571429,0.794256322332,0.781168265039,0.775453277545,160.8526428
1340,0.09890179095,0.104316963249,0.106683894241,0.690491384812,0.669642857143,0.664285714286,0.787000439174,0.768128916741,0.764832022873,161.9937961
1350,0.0977710231694,0.102085789729,0.104836665131,0.695915762604,0.667091836735,0.663265306122,0.782668187001,0.754005655042,0.755192878338,163.1960534
1360,0.0999701416172,0.105643912882,0.109151779266,0.697511167837,0.668367346939,0.662244897959,0.777777777778,0.748549323017,0.749052312358,164.3632039
1370,0.0987528356591,0.104790789375,0.107180904185,0.689853222719,0.655612244898,0.655102040816,0.776654411765,0.744318181818,0.745864661654,165.4816512
1380,0.0988044776819,0.104393052771,0.106388544983,0.698787492023,0.664540816327,0.663265306122,0.792618629174,0.764968722073,0.764285714286,166.6741496
1390,0.097914794635,0.102309493986,0.105102387537,0.700701978302,0.670918367347,0.664285714286,0.782568382012,0.755218216319,0.753188297074,167.8877474
1400,0.0974429267327,0.101385828142,0.10651174551,0.699744735163,0.676020408163,0.660204081633,0.780396732789,0.756704980843,0.749435665914,169.020036
1410,0.0990950767265,0.103426087961,0.105978937387,0.692405871091,0.663265306122,0.666326530612,0.793221793222,0.7712305026,0.773702422145,170.1225489
1420,0.0979030786041,0.100716514718,0.105049475501,0.682833439694,0.65943877551,0.658163265306,0.771599264706,0.747875354108,0.75129918337,171.1928225
1430,0.0983506555328,0.101773885395,0.10682446568,0.695596681557,0.674744897959,0.658163265306,0.785714285714,0.764542936288,0.757070340827,172.3626374
1440,0.0967628505003,0.101143736699,0.103392694615,0.689853222719,0.664540816327,0.669387755102,0.783518930958,0.759817351598,0.766233766234,173.4821013
1450,0.0973383384612,0.101175989437,0.102789261815,0.702616464582,0.667091836735,0.678571428571,0.790749887741,0.760330578512,0.772234273319,174.5634717
1460,0.100313171404,0.104164461074,0.107936918904,0.673580089343,0.663265306122,0.629591836735,0.744696780634,0.730061349693,0.708901363272,175.6874441
1470,0.0966261702247,0.099382192281,0.103982627395,0.698468410976,0.677295918367,0.662244897959,0.788069073783,0.772277227723,0.759970993474,176.9416522
1480,0.0959495048494,0.0984453183148,0.101993652189,0.69910657307,0.668367346939,0.671428571429,0.788327721661,0.763636363636,0.767004341534,178.082925
1490,0.0992016480816,0.10387469893,0.10770149354,0.667198468411,0.642857142857,0.645918367347,0.76545986058,0.737827715356,0.748002904866,179.2245191
1500,0.0972543230241,0.101455801023,0.103180128525,0.692405871091,0.658163265306,0.669387755102,0.774133083411,0.742307692308,0.754916792738,180.3459078
1510,0.100127568215,0.106511330472,0.108258154883,0.680280791321,0.639030612245,0.65612244898,0.758554216867,0.720631786772,0.740569668976,181.5173758
1520,0.0974960422935,0.102385831008,0.105897817924,0.694639438417,0.656887755102,0.664285714286,0.778932778933,0.745986779981,0.756115641216,182.5704059
1530,0.0973687461686,0.100763147452,0.104785184493,0.690491384812,0.676020408163,0.672448979592,0.775254865616,0.760828625235,0.761692650334,183.7253984
1540,0.0977292704132,0.0992990894454,0.103780483101,0.693682195278,0.688775510204,0.687755102041,0.787610619469,0.780575539568,0.785413744741,184.8644021
1550,0.0963372915545,0.0999650495664,0.102529726994,0.696553924697,0.674744897959,0.672448979592,0.780217240582,0.761012183693,0.76204595997,186.0368704
1560,0.0958606311989,0.0993151491806,0.102793972814,0.706445437141,0.677295918367,0.679591836735,0.796460176991,0.772277227723,0.776353276353,187.2162725
1570,0.0963127855298,0.0984507364682,0.10360634388,0.685705169113,0.684948979592,0.665306122449,0.779296437374,0.773602199817,0.764367816092,188.2968535
1580,0.0957979227697,0.0983972790416,0.102166782145,0.700063816209,0.673469387755,0.682653061224,0.790178571429,0.768535262206,0.777698355969,189.3830079
1590,0.0960050630626,0.100013897713,0.101841571677,0.692086790045,0.676020408163,0.670408163265,0.774585377248,0.758095238095,0.760207869339,190.4836991
1600,0.0971889377346,0.101165630222,0.102817079204,0.685705169113,0.665816326531,0.668367346939,0.773198250058,0.75329566855,0.760853568801,191.6179971
1610,0.0954416426885,0.0968955606752,0.100903780026,0.706126356094,0.714285714286,0.697959183673,0.800864864865,0.804195804196,0.792717086835,192.7578197
1620,0.0960630280796,0.0992587450913,0.102014280859,0.689215060625,0.676020408163,0.676530612245,0.780531771068,0.766544117647,0.769454545455,193.8247675
1630,0.0934401200488,0.0962373635296,0.0999431423411,0.706764518188,0.696428571429,0.687755102041,0.791468118902,0.781651376147,0.77793904209,194.8633923
1640,0.0951201523365,0.0988796138946,0.102102755655,0.693682195278,0.679846938776,0.672448979592,0.781917310313,0.767807585569,0.76688453159,196.0505778
1650,0.0954406745183,0.0983320910763,0.102298965889,0.69719208679,0.683673469388,0.681632653061,0.788500111433,0.773722627737,0.776183644189,197.1235866
1660,0.0956146182397,0.0970051221396,0.104243810305,0.704211869815,0.695153061224,0.663265306122,0.793311036789,0.78371040724,0.762589928058,198.195554
1670,0.0945240376398,0.0968588659514,0.100774946486,0.708679004467,0.69387755102,0.689795918367,0.797874695594,0.784560143627,0.783166904422,199.3220554
1680,0.0975574932398,0.102623488197,0.10516330971,0.700063816209,0.668367346939,0.672448979592,0.779446269357,0.750479846449,0.756264236902,200.4698021
1690,0.0985196975384,0.100531724906,0.104303946238,0.694639438417,0.678571428571,0.684693877551,0.788133717069,0.775401069519,0.778811739442,201.5649034
1700,0.0952097156706,0.0993628136478,0.101322967156,0.697830248883,0.6875,0.686734693878,0.77511279981,0.762366634336,0.767951625094,202.6411668
1710,0.0954712438352,0.0953982711867,0.100925193906,0.689853222719,0.692602040816,0.678571428571,0.795712484237,0.794893617021,0.789015405224,203.7372162
1720,0.0952788570365,0.0979396137822,0.101278537711,0.685386088066,0.678571428571,0.675510204082,0.778923766816,0.769230769231,0.774468085106,205.0574743
1730,0.094510177474,0.0969828913938,0.100325442779,0.703573707722,0.68112244898,0.688775510204,0.799048237075,0.778368794326,0.787159804606,206.163308
1740,0.0953659703094,0.0983550291287,0.102430780281,0.690172303765,0.679846938776,0.669387755102,0.776627559236,0.765201122544,0.763848396501,207.3034605
1750,0.0984319813817,0.100909543194,0.103553328926,0.68602425016,0.682397959184,0.671428571429,0.785993910396,0.779450841453,0.777931034483,208.4046466
1760,0.0967159553185,0.101826360968,0.103919420454,0.695277600511,0.682397959184,0.684693877551,0.776817013321,0.763532763533,0.771618625277,209.6022601
1770,0.0952995705162,0.0978864991405,0.100523612516,0.69623484365,0.683673469388,0.687755102041,0.789659743703,0.774545454545,0.78328611898,210.7410813
1780,0.0967928531979,0.100455148409,0.103207426374,0.694639438417,0.68112244898,0.675510204082,0.780353454212,0.765037593985,0.766862170088,211.8368262
1790,0.0966843359331,0.102545534336,0.102194410765,0.692405871091,0.658163265306,0.686734693878,0.779000458505,0.745247148289,0.776727272727,212.9973027
1800,0.0951810219845,0.0996824822294,0.101810610007,0.698787492023,0.684948979592,0.689795918367,0.7808727948,0.765876777251,0.775480059084,214.1841043
1810,0.0960717941431,0.0998732992444,0.102813873177,0.688895979579,0.677295918367,0.685714285714,0.777651083238,0.763772175537,0.777777777778,215.2927461
1820,0.0946013863475,0.0986766800384,0.102231011999,0.686662412253,0.667091836735,0.661224489796,0.77352398524,0.750716332378,0.757664233577,216.4153016
1830,0.0961084801866,0.100037575955,0.102835600192,0.691448627951,0.676020408163,0.670408163265,0.786581328625,0.767824497258,0.770759403833,217.5456097
1840,0.0950477955478,0.0998962257953,0.101692628922,0.692405871091,0.673469387755,0.677551020408,0.785968028419,0.765567765568,0.774607703281,218.8499829
1850,0.0920721839894,0.0964844353514,0.0993361648447,0.71218889598,0.686224489796,0.688775510204,0.795650203897,0.768796992481,0.779464931309,219.9851645
1860,0.0926704677048,0.0965906781139,0.0998090326371,0.704530950862,0.688775510204,0.69387755102,0.787322002756,0.770244821092,0.78102189781,221.0648434
1870,0.0939267557391,0.0994354839621,0.100224052308,0.69719208679,0.686224489796,0.678571428571,0.787362760475,0.77052238806,0.772563176895,222.2036424
1880,0.0928765513179,0.0977768675692,0.0995472101,0.706445437141,0.691326530612,0.69387755102,0.801295896328,0.781981981982,0.792243767313,223.4243938
1890,0.097748198911,0.101795296828,0.103159016332,0.690810465858,0.68112244898,0.676530612245,0.786986150802,0.772727272727,0.775654635527,224.5675581
1900,0.0935885782496,0.0989911394395,0.100130600154,0.708998085514,0.6875,0.686734693878,0.793944871216,0.77335800185,0.778018799711,225.7104647
1910,0.0940981138555,0.0981670220838,0.0998013612045,0.69910657307,0.682397959184,0.678571428571,0.790491002,0.770506912442,0.773869346734,226.8105856
1920,0.0934017717543,0.0969182666795,0.0999055490137,0.706445437141,0.692602040816,0.687755102041,0.78772496539,0.769377990431,0.775,228.025903
1930,0.0933325146963,0.0977749820696,0.0995342990206,0.709955328653,0.688775510204,0.689795918367,0.802348336595,0.778181818182,0.785613540197,229.1532368
1940,0.0938355386914,0.0993142228402,0.100274615166,0.700701978302,0.682397959184,0.690816326531,0.78778280543,0.766197183099,0.780911062907,230.2760505
1950,0.0934309794983,0.099275157377,0.0998773041778,0.704211869815,0.691326530612,0.69387755102,0.7821386604,0.765957446809,0.775449101796,231.4251418
1960,0.0925377715457,0.0978814468204,0.0993277990419,0.703892788768,0.679846938776,0.685714285714,0.782669789227,0.757955641273,0.770833333333,232.559961
1970,0.0940691283185,0.0972858934872,0.0996294923205,0.708040842374,0.691326530612,0.69387755102,0.805028766248,0.786971830986,0.794801641587,233.675085
1980,0.092969454241,0.0972412856378,0.0992153454687,0.715060625399,0.700255102041,0.707142857143,0.805489000218,0.792219274978,0.80193236715,234.7583217
1990,0.0921940616583,0.0960575846183,0.0979836370873,0.715698787492,0.700255102041,0.710204081633,0.79643591501,0.7789275635,0.795389048991,235.889095
2000,0.0971861127887,0.102079033883,0.102639195537,0.689215060625,0.668367346939,0.678571428571,0.791345329906,0.768270944742,0.783505154639,237.1022581
2010,0.0999405202427,0.10178804291,0.105958323022,0.691129546905,0.688775510204,0.684693877551,0.799253421817,0.794612794613,0.794684385382,238.191833
2020,0.100074477082,0.102357946451,0.105589478931,0.695915762604,0.677295918367,0.680612244898,0.761451814768,0.737823834197,0.753349093775,239.2735879
2030,0.0956972892027,0.0985613811552,0.100693231834,0.705807275048,0.679846938776,0.702040816327,0.781516587678,0.754643206256,0.78045112782,240.3735735
2040,0.0983240730967,0.100882597091,0.103734182573,0.697511167837,0.68112244898,0.678571428571,0.76311844078,0.743326488706,0.751773049645,241.6003448
2050,0.0970635782721,0.100595823514,0.102439308734,0.692724952138,0.679846938776,0.682653061224,0.791151594014,0.778464254192,0.786547700755,242.7514117
2060,0.0918000644628,0.0938603434934,0.0994343054554,0.728142948309,0.711734693878,0.702040816327,0.818336886994,0.804498269896,0.802968960864,243.915954
2070,0.0936377688638,0.0980414146555,0.099995762793,0.700701978302,0.673469387755,0.69387755102,0.79465849387,0.769784172662,0.791086350975,245.0783968
2080,0.0935887688023,0.0947989697947,0.100598287943,0.725909380983,0.713010204082,0.70306122449,0.815704784381,0.803149606299,0.801906058543,246.3219358
2090,0.0951390636764,0.0960404302814,0.101346194268,0.719527760051,0.711734693878,0.70306122449,0.812699765608,0.802101576182,0.803245436105,247.5147982
2100,0.101472564837,0.10105986172,0.107380191895,0.690172303765,0.692602040816,0.673469387755,0.807379488197,0.806425702811,0.796178343949,248.6764773
2110,0.0935306560002,0.0943532198663,0.100423554344,0.727823867262,0.707908163265,0.708163265306,0.809979950991,0.790867579909,0.799719887955,249.7230665
2120,0.093424469641,0.0949159604531,0.100113457425,0.723994894703,0.706632653061,0.70306122449,0.807048851216,0.789762340037,0.794636556104,250.8865127
2130,0.093212447306,0.0952901620637,0.0999582059677,0.712507977026,0.700255102041,0.704081632653,0.798928810533,0.784205693297,0.793741109531,251.990715
2140,0.0953763024728,0.095357835286,0.102542271971,0.725909380983,0.727040816327,0.711224489796,0.816335257644,0.813913043478,0.806031528444,253.1207902
2150,0.0947245362925,0.094011919898,0.101187225567,0.730695596682,0.732142857143,0.718367346939,0.816202090592,0.814814814815,0.809917355372,254.2363236
2160,0.0929736613518,0.094742282466,0.0997097107467,0.713465220166,0.69387755102,0.7,0.79497716895,0.774436090226,0.785401459854,255.4994774
2170,0.0929626513404,0.0927214995899,0.0991338164372,0.719846841098,0.724489795918,0.704081632653,0.804367201426,0.803278688525,0.794034090909,256.7274087
2180,0.0922002523995,0.0946736878173,0.0996986453144,0.719208679004,0.700255102041,0.702040816327,0.802424786709,0.783010156971,0.789928057554,257.8625882
2190,0.0934538207231,0.0949223214887,0.100226814061,0.71218889598,0.696428571429,0.70306122449,0.799198575245,0.782051282051,0.793470546487,258.9476703
2200,0.0920503486872,0.093925512864,0.0985424692383,0.718889597958,0.704081632653,0.70612244898,0.800272047155,0.785977859779,0.793103448276,260.1279276
2210,0.0943562115903,0.0942257843192,0.0999768082283,0.713784301213,0.710459183673,0.690816326531,0.8057179987,0.798937112489,0.792323509253,261.1889367
2220,0.0928138366502,0.0934838927506,0.099611227125,0.716975111678,0.702806122449,0.7,0.806374154115,0.791031390135,0.798076923077,262.2581942
2230,0.0925205840251,0.0928341805962,0.100348110813,0.725909380983,0.727040816327,0.701020408163,0.814990307991,0.811950790861,0.7997265892,263.3215943
2240,0.0932644161061,0.0931748019474,0.100768861928,0.717613273772,0.713010204082,0.69693877551,0.809963495813,0.804177545692,0.797821647379,264.5011483
2250,0.0912011520009,0.0934702008029,0.0986805660131,0.712827058073,0.698979591837,0.685714285714,0.790794979079,0.776515151515,0.772189349112,265.6066622
2260,0.0910231091706,0.0948981080197,0.0989011690684,0.717613273772,0.698979591837,0.702040816327,0.794806399258,0.779026217228,0.784342688331,266.6976793
2270,0.0941359823846,0.0980418405395,0.102914987504,0.706126356094,0.701530612245,0.675510204082,0.776727272727,0.769230769231,0.75500770416,267.8107156
2280,0.0919250617263,0.0942376653918,0.0982348647326,0.716017868539,0.69387755102,0.704081632653,0.797266514806,0.775280898876,0.791066282421,269.0620427
2290,0.0904095046748,0.0902756299133,0.0968970612161,0.72239948947,0.720663265306,0.715306122449,0.804757630162,0.799266727773,0.80226789511,270.166492
2300,0.0937067896438,0.0961123140258,0.100616987788,0.715060625399,0.688775510204,0.686734693878,0.80403774413,0.782531194296,0.785764131193,271.2755512
2310,0.0908349071215,0.0919055044831,0.0975819521877,0.719208679004,0.702806122449,0.698979591837,0.801264679313,0.784458834413,0.790035587189,272.4603899
2320,0.0918157857118,0.0949864493781,0.100278928316,0.722080408424,0.698979591837,0.691836734694,0.802359882006,0.780260707635,0.783357245337,273.6498335
2330,0.0928333653904,0.0980700415075,0.0991576369,0.718570516911,0.682397959184,0.694897959184,0.78307919331,0.74873864783,0.767676767677,274.7977595
2340,0.0946590785006,0.0998978342095,0.100816232258,0.704530950862,0.678571428571,0.69387755102,0.773594132029,0.750495049505,0.769938650307,275.8876485
2350,0.0928688849942,0.0960323949608,0.0999057239654,0.715060625399,0.705357142857,0.686734693878,0.789535705868,0.777242044359,0.772424017791,276.9508214
2360,0.0915818651824,0.0962937315693,0.0999448080819,0.711550733886,0.696428571429,0.690816326531,0.792088316467,0.773764258555,0.778993435449,278.2812048
2370,0.0910638258359,0.0943865009684,0.0992889150137,0.726547543076,0.716836734694,0.694897959184,0.812020179864,0.8,0.791637630662,279.5124818
2380,0.0930748347841,0.0959429873622,0.100717132942,0.714422463306,0.695153061224,0.680612244898,0.799192281804,0.780128794848,0.778798586572,280.5811002
2390,0.0915596595143,0.0947526587636,0.100191490871,0.715698787492,0.706632653061,0.69387755102,0.811667723526,0.802065404475,0.798387096774,281.6697963
2400,0.0916056324091,0.0925536525994,0.100220282077,0.727504786216,0.724489795918,0.689795918367,0.811977102598,0.806797853309,0.788888888889,282.7956568
2410,0.089929455224,0.093455817913,0.0982807994248,0.728142948309,0.706632653061,0.691836734694,0.814540705268,0.79427549195,0.790858725762,283.9846253
2420,0.0989151588036,0.0993731440302,0.104509474452,0.708040842374,0.725765306122,0.689795918367,0.796621471438,0.805077062557,0.785915492958,285.1245879
2430,0.0914496847638,0.0948063900391,0.0998229883912,0.727823867262,0.72193877551,0.70306122449,0.801766209621,0.794339622642,0.78587196468,286.2313072
2440,0.0940720648493,0.0981805563916,0.104880138598,0.730695596682,0.706632653061,0.673469387755,0.804990757856,0.783427495292,0.764705882353,287.3945798
2450,0.0935280083758,0.0945484957768,0.101381578947,0.72335673261,0.719387755102,0.685714285714,0.797949195992,0.787644787645,0.773529411765,288.5404853
2460,0.093024134713,0.0941723149586,0.100624691829,0.725909380983,0.71556122449,0.689795918367,0.80683606926,0.793327154773,0.784090909091,289.6284947
2470,0.0935878614028,0.0965985276009,0.100545612711,0.729100191449,0.72193877551,0.687755102041,0.809854423292,0.79889298893,0.782978723404,290.7433463
2480,0.0967074684348,0.098525171741,0.10239988996,0.714741544352,0.707908163265,0.687755102041,0.796169630643,0.781696854147,0.780802292264,291.7469474
2490,0.0960674061451,0.0964230428114,0.103441179552,0.714422463306,0.720663265306,0.687755102041,0.807485480749,0.805678793256,0.791268758527,292.7362151
2500,0.094909347887,0.0963629435453,0.102567789732,0.71218889598,0.706632653061,0.674489795918,0.797848498431,0.787430683919,0.772305496074,293.736251
2510,0.0990335299781,0.0984638205548,0.105835255872,0.703892788768,0.701530612245,0.675510204082,0.800858369099,0.795811518325,0.781593406593,294.7445927
2520,0.0934733229555,0.0929950729368,0.100971581585,0.726228462029,0.72193877551,0.686734693878,0.808908685969,0.801818181818,0.780870806567,295.7503799
2530,0.0966621325645,0.0967714276486,0.102445897744,0.709955328653,0.710459183673,0.685714285714,0.796507723304,0.789229340761,0.779053084648,296.7720701
2540,0.0955933687339,0.0962391983263,0.101279822709,0.713465220166,0.716836734694,0.69387755102,0.803587051619,0.801431127013,0.791376912378,297.7741141
2550,0.0995570483716,0.100490005111,0.105493300311,0.709636247607,0.706632653061,0.692857142857,0.799647732277,0.79427549195,0.791117279667,298.7500389
2560,0.0954870158424,0.0965355046238,0.100710407333,0.718251435865,0.71556122449,0.694897959184,0.805806025951,0.799279927993,0.792216817234,299.7746101
2570,0.0962272710266,0.0961096481427,0.101372781349,0.722718570517,0.718112244898,0.685714285714,0.80988842704,0.802148612355,0.785813630042,300.7309567
2580,0.100766222008,0.102016446482,0.105775374026,0.696553924697,0.684948979592,0.670408163265,0.788807461692,0.778077268643,0.772053634439,301.7307042
2590,0.0929453521462,0.0936877856838,0.0982607433995,0.716017868539,0.728316326531,0.702040816327,0.803791887125,0.808625336927,0.795804195804,302.7415476
2600,0.0973838699012,0.0986740959254,0.103207057927,0.720165922144,0.707908163265,0.695918367347,0.813918947592,0.801731601732,0.799191374663,303.7284595
2610,0.0941288545523,0.0962501771662,0.0995668991466,0.714422463306,0.698979591837,0.705102040816,0.794865917946,0.777777777778,0.791636625811,304.6798039
2620,0.0985316335208,0.103749027122,0.103433947116,0.701659221442,0.686224489796,0.689795918367,0.784810126582,0.767485822306,0.780663780664,305.6533341
2630,0.097172731314,0.0964871260097,0.103634745143,0.724633056796,0.711734693878,0.69387755102,0.811283621255,0.796028880866,0.792817679558,306.6901642
2640,0.096811888945,0.0970593331935,0.103854029688,0.716017868539,0.714285714286,0.695918367347,0.797819173103,0.791821561338,0.786532951289,307.6693947
2650,0.0975469732128,0.0963842798905,0.10552479931,0.719846841098,0.730867346939,0.702040816327,0.800816696915,0.802987861811,0.788405797101,308.6830394
2660,0.0928056371562,0.0933190355111,0.098826269165,0.722080408424,0.720663265306,0.705102040816,0.8056237447,0.798898071625,0.796047988709,309.7043481
2670,0.0973733578996,0.0994959025242,0.105150512985,0.720804084237,0.713010204082,0.686734693878,0.7950339658,0.783027965284,0.77072442121,310.7105328
2680,0.0968730740878,0.0963641325751,0.102659695373,0.718251435865,0.716836734694,0.69387755102,0.808001739509,0.803886925795,0.793956043956,311.6769957
2690,0.0921686405203,0.093124034633,0.0984766137663,0.724952137843,0.716836734694,0.711224489796,0.81038275407,0.799276672694,0.802512212142,312.6626832
2700,0.0995810561969,0.0986963134244,0.106080533536,0.716975111678,0.714285714286,0.694897959184,0.816621873062,0.813333333333,0.803676953381,313.6836863
2710,0.0946629357885,0.0948953646119,0.101310453833,0.721442246331,0.716836734694,0.708163265306,0.80404040404,0.796703296703,0.799719887955,314.6838792
2720,0.093233894721,0.094188554399,0.0998319507236,0.727504786216,0.724489795918,0.704081632653,0.813455657492,0.805405405405,0.800550206327,315.6732448
2730,0.0943649132559,0.0954182193119,0.0990767846678,0.720165922144,0.705357142857,0.713265306122,0.796755504056,0.781042654028,0.793837123991,316.6661537
2740,0.0959602563951,0.0964432181469,0.103367135015,0.723037651563,0.714285714286,0.704081632653,0.812121212121,0.801065719361,0.802182810368,317.6726662
2750,0.0967771808655,0.0974699647853,0.103232715294,0.720804084237,0.720663265306,0.7,0.811381763311,0.807387862797,0.80027173913,318.6712203
2760,0.0943503442123,0.0950142892862,0.0999810992456,0.728781110402,0.720663265306,0.716326530612,0.812030075188,0.8,0.806136680614,319.7143725
2770,0.0978882805296,0.098073429834,0.104522927962,0.717932354818,0.705357142857,0.697959183673,0.808906182447,0.796475770925,0.799185888738,320.7532142
2780,0.0962501604797,0.0967509738861,0.101532276719,0.719846841098,0.724489795918,0.705102040816,0.804017857143,0.802919708029,0.796622097115,321.7568037
2790,0.0963095575375,0.0960832515996,0.102648142822,0.721442246331,0.714285714286,0.697959183673,0.815861632567,0.808873720137,0.803973509934,322.7861465
2800,0.095150417156,0.0948474188776,0.100761600565,0.72431397575,0.716836734694,0.7,0.811928602525,0.801431127013,0.798076923077,323.7912216
2810,0.0942916233347,0.0948104629819,0.100589402334,0.734843650287,0.727040816327,0.714285714286,0.816839321137,0.806859205776,0.80528511822,324.7770155
2820,0.0977736563386,0.0989717199301,0.102760528749,0.714741544352,0.718112244898,0.708163265306,0.800357302367,0.795559666975,0.797736916549,325.7891751
2830,0.0932159508475,0.0947637950665,0.0983221315468,0.725909380983,0.72193877551,0.716326530612,0.803117121247,0.795497185741,0.799132947977,326.7970918
2840,0.0949842738277,0.095848936646,0.0999727885817,0.72239948947,0.716836734694,0.704081632653,0.799815922688,0.789373814042,0.788321167883,327.8012761
2850,0.094358921954,0.0938999023973,0.100681699899,0.728462029355,0.732142857143,0.708163265306,0.816634346046,0.813829787234,0.804644808743,328.8097999
2860,0.0961823318281,0.0956687917266,0.101236808005,0.710912571793,0.71556122449,0.70306122449,0.799646174259,0.798554652213,0.796929518493,329.8275951
2870,0.0948183988601,0.0929582582134,0.0987260444288,0.707721761327,0.719387755102,0.708163265306,0.809246147439,0.814814814815,0.81208935611,330.7847137
2880,0.0928019169367,0.0899963086932,0.0975582191328,0.733248245054,0.752551020408,0.723469387755,0.807106598985,0.818011257036,0.802334062728,331.7795802
2890,0.0955833736191,0.0915289899655,0.101090263531,0.717932354818,0.739795918367,0.711224489796,0.813423385395,0.824440619621,0.810194500335,332.8069253
2900,0.0939721373527,0.0896769990764,0.0981241984966,0.721123165284,0.748724489796,0.713265306122,0.805864060418,0.821719457014,0.802529866479,333.8213092
2910,0.0934976883648,0.0883021806187,0.099128003609,0.733248245054,0.75637755102,0.720408163265,0.82121471343,0.831718061674,0.815114709852,334.8948231
2920,0.0938776994732,0.0896659300388,0.0995107099034,0.733567326101,0.747448979592,0.713265306122,0.815957681287,0.82,0.803907885555,335.9619286
2930,0.0941630765465,0.088919235833,0.09806592207,0.731971920868,0.751275510204,0.722448979592,0.812080536913,0.82224247949,0.808180535966,336.9214225
2940,0.0954282998219,0.0884086476701,0.0993414231847,0.723037651563,0.747448979592,0.718367346939,0.80872631115,0.821299638989,0.806179775281,337.906465
2950,0.0992641736476,0.0922383205461,0.103404349873,0.71123165284,0.733418367347,0.7,0.79380268854,0.804855275444,0.787572254335,338.8933579
2960,0.101144178727,0.0939630976329,0.104798862857,0.709636247607,0.738520408163,0.710204081633,0.81390593047,0.829308909242,0.813648293963,339.8829862
2970,0.0952577098777,0.0915295912228,0.101457724155,0.727823867262,0.733418367347,0.717346938776,0.81659858095,0.818102697998,0.811179277437,340.8979664
2980,0.099597017533,0.0937527153205,0.104087302572,0.71218889598,0.735969387755,0.70612244898,0.799287939475,0.81130355515,0.797183098592,341.9156509
2990,0.0965237001394,0.0913164265919,0.100395022293,0.721761327377,0.730867346939,0.710204081633,0.811091854419,0.815074496056,0.806275579809,342.8892075
